{"out_path": "result/SR_leakly0_bidi1_probing_act_None/result_sr_probing_None_1p728.json", "model": "esn", "task_type": "probing", "n_folds": 10, "se_batch_size": 8, "gpu": 0, "senteval_path": "./SentEval", "word_emb_file": "./glove.840B.300d.txt", "word_emb_dim": 300, "input_dim": 300, "output_dim": 2048, "max_seq_len": 96, "bidirectional": 1, "init": "none", "activation": "None", "pooling": "max", "zero": 0, "pos_enc": 0, "pos_enc_concat": 0, "random_word_embeddings": 0, "projection": "same", "spectral_radius": 1.7285714285714286, "leaky": 0.0, "concat_inp": 0, "stdv": 0.3, "sparsity": 0.3, "num_layers": 1, "result": {"Length": {"test": {"mean": 99.994, "std": 0.007999999999999119}}, "WordContent": {"test": {"mean": 6.1739999999999995, "std": 0.6803704873082017}}, "Depth": {"test": {"mean": 23.884000000000004, "std": 0.2158332689832601}}, "TopConstituents": {"test": {"mean": 48.290000000000006, "std": 1.2201147487019401}}, "BigramShift": {"test": {"mean": 50.18399999999999, "std": 0.17431006855600792}}, "Tense": {"test": {"mean": 62.948, "std": 1.2600539670982351}}, "SubjNumber": {"test": {"mean": 61.444, "std": 1.1055062188879814}}, "ObjNumber": {"test": {"mean": 55.062, "std": 0.8607763937283592}}, "OddManOut": {"test": {"mean": 49.598, "std": 0.4115531557405415}}, "CoordinationInversion": {"test": {"mean": 54.698, "std": 0.3457397865447345}}}}