{"out_path": "result/SR_leakly0_bidi1_probing_act_None/result_sr_probing_1p457_act_None.json", "model": "esn", "task_type": "probing", "n_folds": 10, "se_batch_size": 8, "gpu": 0, "senteval_path": "./SentEval", "word_emb_file": "./glove.840B.300d.txt", "word_emb_dim": 300, "input_dim": 300, "output_dim": 2048, "max_seq_len": 96, "bidirectional": 1, "init": "none", "activation": null, "pooling": "max", "zero": 0, "pos_enc": 0, "pos_enc_concat": 0, "random_word_embeddings": 0, "projection": "same", "spectral_radius": 1.457142857142857, "leaky": 0.0, "concat_inp": 0, "stdv": 0.3, "sparsity": 0.3, "num_layers": 1, "result": {"Length": {"test": {"mean": 99.982, "std": 0.01469693845670001}}, "WordContent": {"test": {"mean": 19.660000000000004, "std": 0.7794100332944142}}, "Depth": {"test": {"mean": 28.172000000000004, "std": 0.8563036844484562}}, "TopConstituents": {"test": {"mean": 56.495999999999995, "std": 1.8461267562115016}}, "BigramShift": {"test": {"mean": 52.714, "std": 0.7195720950676175}}, "Tense": {"test": {"mean": 74.274, "std": 0.6614106137642491}}, "SubjNumber": {"test": {"mean": 72.50999999999999, "std": 0.6337191807101963}}, "ObjNumber": {"test": {"mean": 67.20400000000001, "std": 0.9181851665105436}}, "OddManOut": {"test": {"mean": 49.711999999999996, "std": 0.23318662054243045}}, "CoordinationInversion": {"test": {"mean": 58.54, "std": 0.24633310780323353}}}}