{"out_path": "result/SR_leakly0_bidi1_probing_act_None/result_sr_probing_None_0p914.json", "model": "esn", "task_type": "probing", "n_folds": 10, "se_batch_size": 8, "gpu": 0, "senteval_path": "./SentEval", "word_emb_file": "./glove.840B.300d.txt", "word_emb_dim": 300, "input_dim": 300, "output_dim": 2048, "max_seq_len": 96, "bidirectional": 1, "init": "none", "activation": "None", "pooling": "max", "zero": 0, "pos_enc": 0, "pos_enc_concat": 0, "random_word_embeddings": 0, "projection": "same", "spectral_radius": 0.9142857142857143, "leaky": 0.0, "concat_inp": 0, "stdv": 0.3, "sparsity": 0.3, "num_layers": 1, "result": {"Length": {"test": {"mean": 69.604, "std": 0.705934841185788}}, "WordContent": {"test": {"mean": 77.054, "std": 1.96107725498003}}, "Depth": {"test": {"mean": 33.368, "std": 0.5798413576143041}}, "TopConstituents": {"test": {"mean": 67.426, "std": 0.6618035962428708}}, "BigramShift": {"test": {"mean": 62.162, "std": 0.3823297006511527}}, "Tense": {"test": {"mean": 84.502, "std": 0.5283332281808545}}, "SubjNumber": {"test": {"mean": 81.32399999999998, "std": 0.18906083676954252}}, "ObjNumber": {"test": {"mean": 77.41799999999999, "std": 0.6760295851514194}}, "OddManOut": {"test": {"mean": 50.528000000000006, "std": 0.4509279321576787}}, "CoordinationInversion": {"test": {"mean": 61.992000000000004, "std": 0.323567612717961}}}}