{"out_path": "result/SR_leakly0_bidi1_probing_act_None/result_sr_probing_None_2p0.json", "model": "esn", "task_type": "probing", "n_folds": 10, "se_batch_size": 8, "gpu": 0, "senteval_path": "./SentEval", "word_emb_file": "./glove.840B.300d.txt", "word_emb_dim": 300, "input_dim": 300, "output_dim": 2048, "max_seq_len": 96, "bidirectional": 1, "init": "none", "activation": "None", "pooling": "max", "zero": 0, "pos_enc": 0, "pos_enc_concat": 0, "random_word_embeddings": 0, "projection": "same", "spectral_radius": 2.0, "leaky": 0.0, "concat_inp": 0, "stdv": 0.3, "sparsity": 0.3, "num_layers": 1, "result": {"Length": {"test": {"mean": 99.992, "std": 0.009797958971130763}}, "WordContent": {"test": {"mean": 1.796, "std": 0.17234848418248416}}, "Depth": {"test": {"mean": 21.234, "std": 0.40731314734489005}}, "TopConstituents": {"test": {"mean": 35.156, "std": 0.5041269681340195}}, "BigramShift": {"test": {"mean": 49.833999999999996, "std": 0.5544582941935317}}, "Tense": {"test": {"mean": 57.303999999999995, "std": 1.1858600254667502}}, "SubjNumber": {"test": {"mean": 55.727999999999994, "std": 0.9368970060791088}}, "ObjNumber": {"test": {"mean": 51.374, "std": 0.7559788356825864}}, "OddManOut": {"test": {"mean": 49.501999999999995, "std": 0.6303459367680577}}, "CoordinationInversion": {"test": {"mean": 52.88000000000001, "std": 0.5181119570131534}}}}