{"out_path": "result/SR_leakly0_bidi1_probing_act_None/result_sr_probing_0p642_act_None.json", "model": "esn", "task_type": "probing", "n_folds": 10, "se_batch_size": 8, "gpu": 0, "senteval_path": "./SentEval", "word_emb_file": "./glove.840B.300d.txt", "word_emb_dim": 300, "input_dim": 300, "output_dim": 2048, "max_seq_len": 96, "bidirectional": 1, "init": "none", "activation": null, "pooling": "max", "zero": 0, "pos_enc": 0, "pos_enc_concat": 0, "random_word_embeddings": 0, "projection": "same", "spectral_radius": 0.6428571428571428, "leaky": 0.0, "concat_inp": 0, "stdv": 0.3, "sparsity": 0.3, "num_layers": 1, "result": {"Length": {"test": {"mean": 64.41, "std": 0.8423775875461079}}, "WordContent": {"test": {"mean": 85.734, "std": 1.0753715636932182}}, "Depth": {"test": {"mean": 32.352000000000004, "std": 0.9694823360948868}}, "TopConstituents": {"test": {"mean": 69.884, "std": 0.6403623973969775}}, "BigramShift": {"test": {"mean": 62.188, "std": 0.47574783236500506}}, "Tense": {"test": {"mean": 85.502, "std": 0.18475930287809417}}, "SubjNumber": {"test": {"mean": 81.49199999999999, "std": 0.35181813483673696}}, "ObjNumber": {"test": {"mean": 78.114, "std": 0.6669812591070329}}, "OddManOut": {"test": {"mean": 50.186, "std": 0.1813945974939717}}, "CoordinationInversion": {"test": {"mean": 59.831999999999994, "std": 0.35283990704000545}}}}