{"out_path": "result/SR_leakly0_bidi1_probing_act_None/result_sr_probing_1p728_act_None.json", "model": "esn", "task_type": "probing", "n_folds": 10, "se_batch_size": 8, "gpu": 0, "senteval_path": "./SentEval", "word_emb_file": "./glove.840B.300d.txt", "word_emb_dim": 300, "input_dim": 300, "output_dim": 2048, "max_seq_len": 96, "bidirectional": 1, "init": "none", "activation": null, "pooling": "max", "zero": 0, "pos_enc": 0, "pos_enc_concat": 0, "random_word_embeddings": 0, "projection": "same", "spectral_radius": 1.7285714285714286, "leaky": 0.0, "concat_inp": 0, "stdv": 0.3, "sparsity": 0.3, "num_layers": 1, "result": {"Length": {"test": {"mean": 99.992, "std": 0.007483314773547154}}, "WordContent": {"test": {"mean": 6.136, "std": 0.7042329160157171}}, "Depth": {"test": {"mean": 24.137999999999998, "std": 0.5043570164080199}}, "TopConstituents": {"test": {"mean": 48.008, "std": 1.097258401653867}}, "BigramShift": {"test": {"mean": 50.522000000000006, "std": 0.3551563036185617}}, "Tense": {"test": {"mean": 63.168000000000006, "std": 1.0390264674203449}}, "SubjNumber": {"test": {"mean": 61.58, "std": 0.969267764861704}}, "ObjNumber": {"test": {"mean": 55.39399999999999, "std": 0.9669043385981885}}, "OddManOut": {"test": {"mean": 49.926, "std": 0.4075585847458011}}, "CoordinationInversion": {"test": {"mean": 54.924, "std": 0.6870109169438287}}}}