{"out_path": "result/SR_leakly0_bidi1_probing_act_None/result_sr_probing_None_1p185.json", "model": "esn", "task_type": "probing", "n_folds": 10, "se_batch_size": 8, "gpu": 0, "senteval_path": "./SentEval", "word_emb_file": "./glove.840B.300d.txt", "word_emb_dim": 300, "input_dim": 300, "output_dim": 2048, "max_seq_len": 96, "bidirectional": 1, "init": "none", "activation": "None", "pooling": "max", "zero": 0, "pos_enc": 0, "pos_enc_concat": 0, "random_word_embeddings": 0, "projection": "same", "spectral_radius": 1.1857142857142857, "leaky": 0.0, "concat_inp": 0, "stdv": 0.3, "sparsity": 0.3, "num_layers": 1, "result": {"Length": {"test": {"mean": 95.03200000000001, "std": 0.6073022311831237}}, "WordContent": {"test": {"mean": 53.29200000000001, "std": 2.3914129714459604}}, "Depth": {"test": {"mean": 33.196, "std": 0.6511712524367154}}, "TopConstituents": {"test": {"mean": 62.522000000000006, "std": 1.4597999862994937}}, "BigramShift": {"test": {"mean": 59.548, "std": 0.29545896500191027}}, "Tense": {"test": {"mean": 82.43999999999998, "std": 0.30126400382388946}}, "SubjNumber": {"test": {"mean": 79.192, "std": 0.34850538015933225}}, "ObjNumber": {"test": {"mean": 75.73599999999999, "std": 0.34441835026606765}}, "OddManOut": {"test": {"mean": 50.263999999999996, "std": 0.5431979381404173}}, "CoordinationInversion": {"test": {"mean": 62.436, "std": 0.40326666115611304}}}}