{"out_path": "result/SR_leakly0_bidi1_probing_act_None/result_sr_probing_1p185_act_None.json", "model": "esn", "task_type": "probing", "n_folds": 10, "se_batch_size": 8, "gpu": 0, "senteval_path": "./SentEval", "word_emb_file": "./glove.840B.300d.txt", "word_emb_dim": 300, "input_dim": 300, "output_dim": 2048, "max_seq_len": 96, "bidirectional": 1, "init": "none", "activation": null, "pooling": "max", "zero": 0, "pos_enc": 0, "pos_enc_concat": 0, "random_word_embeddings": 0, "projection": "same", "spectral_radius": 1.1857142857142857, "leaky": 0.0, "concat_inp": 0, "stdv": 0.3, "sparsity": 0.3, "num_layers": 1, "result": {"Length": {"test": {"mean": 94.902, "std": 0.8425057863302792}}, "WordContent": {"test": {"mean": 52.160000000000004, "std": 2.933250756413438}}, "Depth": {"test": {"mean": 33.379999999999995, "std": 0.5345278290229597}}, "TopConstituents": {"test": {"mean": 62.239999999999995, "std": 1.0735548425674393}}, "BigramShift": {"test": {"mean": 59.31, "std": 0.1830846798615342}}, "Tense": {"test": {"mean": 82.16600000000001, "std": 0.42925982807619084}}, "SubjNumber": {"test": {"mean": 79.19800000000001, "std": 0.3705887208213471}}, "ObjNumber": {"test": {"mean": 75.68599999999999, "std": 0.5617330326765576}}, "OddManOut": {"test": {"mean": 50.346, "std": 0.3538700326391035}}, "CoordinationInversion": {"test": {"mean": 62.676, "std": 0.7784754331383882}}}}