{"out_path": "result/SR_leakly0_bidi1_probing_act_None/result_sr_probing_0p914_act_None.json", "model": "esn", "task_type": "probing", "n_folds": 10, "se_batch_size": 8, "gpu": 0, "senteval_path": "./SentEval", "word_emb_file": "./glove.840B.300d.txt", "word_emb_dim": 300, "input_dim": 300, "output_dim": 2048, "max_seq_len": 96, "bidirectional": 1, "init": "none", "activation": null, "pooling": "max", "zero": 0, "pos_enc": 0, "pos_enc_concat": 0, "random_word_embeddings": 0, "projection": "same", "spectral_radius": 0.9142857142857143, "leaky": 0.0, "concat_inp": 0, "stdv": 0.3, "sparsity": 0.3, "num_layers": 1, "result": {"Length": {"test": {"mean": 70.184, "std": 0.6969246731175492}}, "WordContent": {"test": {"mean": 75.69200000000001, "std": 1.927219759134904}}, "Depth": {"test": {"mean": 33.532, "std": 0.7172837653258308}}, "TopConstituents": {"test": {"mean": 67.82000000000001, "std": 1.0522357150372723}}, "BigramShift": {"test": {"mean": 62.379999999999995, "std": 0.3028530997034692}}, "Tense": {"test": {"mean": 85.078, "std": 0.48172191148005733}}, "SubjNumber": {"test": {"mean": 81.388, "std": 0.3495368363992556}}, "ObjNumber": {"test": {"mean": 78.00399999999999, "std": 0.4730158559710244}}, "OddManOut": {"test": {"mean": 50.562, "std": 0.3823820079449328}}, "CoordinationInversion": {"test": {"mean": 61.73599999999999, "std": 0.27695486996982055}}}}