{"out_path": "result/SR_leakly0_bidi1_probing_act_None/result_sr_probing_None_1p457.json", "model": "esn", "task_type": "probing", "n_folds": 10, "se_batch_size": 8, "gpu": 0, "senteval_path": "./SentEval", "word_emb_file": "./glove.840B.300d.txt", "word_emb_dim": 300, "input_dim": 300, "output_dim": 2048, "max_seq_len": 96, "bidirectional": 1, "init": "none", "activation": "None", "pooling": "max", "zero": 0, "pos_enc": 0, "pos_enc_concat": 0, "random_word_embeddings": 0, "projection": "same", "spectral_radius": 1.457142857142857, "leaky": 0.0, "concat_inp": 0, "stdv": 0.3, "sparsity": 0.3, "num_layers": 1, "result": {"Length": {"test": {"mean": 99.97800000000001, "std": 0.020396078054371544}}, "WordContent": {"test": {"mean": 20.034, "std": 0.9228564352053903}}, "Depth": {"test": {"mean": 28.052, "std": 0.8763880419083775}}, "TopConstituents": {"test": {"mean": 56.895999999999994, "std": 1.4055831530009162}}, "BigramShift": {"test": {"mean": 52.774, "std": 0.44184160057649624}}, "Tense": {"test": {"mean": 74.604, "std": 0.6471043192561761}}, "SubjNumber": {"test": {"mean": 72.476, "std": 0.6626190459079779}}, "ObjNumber": {"test": {"mean": 67.208, "std": 0.8090587123318048}}, "OddManOut": {"test": {"mean": 49.71, "std": 0.2976575213227447}}, "CoordinationInversion": {"test": {"mean": 58.205999999999996, "std": 0.6312083649635826}}}}