{"out_path": "result/SR_leakly0_bidi1_probing_act_None/result_sr_probing_0p371_act_None.json", "model": "esn", "task_type": "probing", "n_folds": 10, "se_batch_size": 8, "gpu": 0, "senteval_path": "./SentEval", "word_emb_file": "./glove.840B.300d.txt", "word_emb_dim": 300, "input_dim": 300, "output_dim": 2048, "max_seq_len": 96, "bidirectional": 1, "init": "none", "activation": null, "pooling": "max", "zero": 0, "pos_enc": 0, "pos_enc_concat": 0, "random_word_embeddings": 0, "projection": "same", "spectral_radius": 0.37142857142857144, "leaky": 0.0, "concat_inp": 0, "stdv": 0.3, "sparsity": 0.3, "num_layers": 1, "result": {"Length": {"test": {"mean": 64.058, "std": 1.0935520106515304}}, "WordContent": {"test": {"mean": 89.66799999999999, "std": 1.0185754758485026}}, "Depth": {"test": {"mean": 32.24999999999999, "std": 0.2913417237540816}}, "TopConstituents": {"test": {"mean": 70.19399999999999, "std": 0.6683292601704651}}, "BigramShift": {"test": {"mean": 59.672000000000004, "std": 0.37986313324669896}}, "Tense": {"test": {"mean": 86.042, "std": 0.3978642984737381}}, "SubjNumber": {"test": {"mean": 80.71, "std": 0.35196590743991096}}, "ObjNumber": {"test": {"mean": 78.172, "std": 0.408773776066907}}, "OddManOut": {"test": {"mean": 49.995999999999995, "std": 0.3546604009471585}}, "CoordinationInversion": {"test": {"mean": 57.798, "std": 0.3006925339944451}}}}