{"out_path": "result/SR_leakly0_bidi1_probing_act_None/result_sr_probing_None_0p642.json", "model": "esn", "task_type": "probing", "n_folds": 10, "se_batch_size": 8, "gpu": 0, "senteval_path": "./SentEval", "word_emb_file": "./glove.840B.300d.txt", "word_emb_dim": 300, "input_dim": 300, "output_dim": 2048, "max_seq_len": 96, "bidirectional": 1, "init": "none", "activation": "None", "pooling": "max", "zero": 0, "pos_enc": 0, "pos_enc_concat": 0, "random_word_embeddings": 0, "projection": "same", "spectral_radius": 0.6428571428571428, "leaky": 0.0, "concat_inp": 0, "stdv": 0.3, "sparsity": 0.3, "num_layers": 1, "result": {"Length": {"test": {"mean": 64.56800000000001, "std": 1.0943747073100687}}, "WordContent": {"test": {"mean": 86.36800000000001, "std": 0.7552059321800915}}, "Depth": {"test": {"mean": 32.19, "std": 0.3695943722515274}}, "TopConstituents": {"test": {"mean": 70.39200000000001, "std": 1.2412799845320972}}, "BigramShift": {"test": {"mean": 62.09400000000001, "std": 0.35657257325823577}}, "Tense": {"test": {"mean": 85.52000000000001, "std": 0.12915107432770445}}, "SubjNumber": {"test": {"mean": 81.20599999999999, "std": 0.4916340102149131}}, "ObjNumber": {"test": {"mean": 78.21799999999999, "std": 0.6229093031894747}}, "OddManOut": {"test": {"mean": 50.14800000000001, "std": 0.15380507143784278}}, "CoordinationInversion": {"test": {"mean": 59.988, "std": 0.35079338648269864}}}}