{"out_path": "result/SR_leakly0_bidi1_probing_act_ReLU/result_sr_probing_ReLU_0p914.json", "model": "esn", "task_type": "probing", "n_folds": 10, "se_batch_size": 8, "gpu": 0, "senteval_path": "./SentEval", "word_emb_file": "./glove.840B.300d.txt", "word_emb_dim": 300, "input_dim": 300, "output_dim": 2048, "max_seq_len": 96, "bidirectional": 1, "init": "none", "activation": "nn.ReLU", "pooling": "max", "zero": 0, "pos_enc": 0, "pos_enc_concat": 0, "random_word_embeddings": 0, "projection": "same", "spectral_radius": 0.9142857142857143, "leaky": 0.0, "concat_inp": 0, "stdv": 0.3, "sparsity": 0.3, "num_layers": 1, "result": {"Length": {"test": {"mean": 67.64399999999999, "std": 0.9683098677592824}}, "WordContent": {"test": {"mean": 87.01599999999999, "std": 1.5681530537546433}}, "Depth": {"test": {"mean": 32.782000000000004, "std": 0.3633400610997909}}, "TopConstituents": {"test": {"mean": 70.728, "std": 0.5152630396215159}}, "BigramShift": {"test": {"mean": 60.867999999999995, "std": 0.48105716915975655}}, "Tense": {"test": {"mean": 85.482, "std": 0.30254916955761363}}, "SubjNumber": {"test": {"mean": 81.236, "std": 0.45411892715454616}}, "ObjNumber": {"test": {"mean": 77.85799999999999, "std": 0.4972082058856252}}, "OddManOut": {"test": {"mean": 50.21199999999999, "std": 0.20798076834168983}}, "CoordinationInversion": {"test": {"mean": 59.644000000000005, "std": 0.6671311715097709}}}}