{"out_path": "result/SR_leakly0_bidi1_probing_act_ReLU/result_sr_probing_ReLU_0p642.json", "model": "esn", "task_type": "probing", "n_folds": 10, "se_batch_size": 8, "gpu": 0, "senteval_path": "./SentEval", "word_emb_file": "./glove.840B.300d.txt", "word_emb_dim": 300, "input_dim": 300, "output_dim": 2048, "max_seq_len": 96, "bidirectional": 1, "init": "none", "activation": "nn.ReLU", "pooling": "max", "zero": 0, "pos_enc": 0, "pos_enc_concat": 0, "random_word_embeddings": 0, "projection": "same", "spectral_radius": 0.6428571428571428, "leaky": 0.0, "concat_inp": 0, "stdv": 0.3, "sparsity": 0.3, "num_layers": 1, "result": {"Length": {"test": {"mean": 65.75, "std": 0.9621018657086139}}, "WordContent": {"test": {"mean": 90.172, "std": 0.9158908231880066}}, "Depth": {"test": {"mean": 32.141999999999996, "std": 0.6460773947446241}}, "TopConstituents": {"test": {"mean": 70.486, "std": 0.35505492532846394}}, "BigramShift": {"test": {"mean": 59.52, "std": 0.26260236099471596}}, "Tense": {"test": {"mean": 85.958, "std": 0.2991588206956313}}, "SubjNumber": {"test": {"mean": 80.626, "std": 0.5440073528914837}}, "ObjNumber": {"test": {"mean": 78.096, "std": 0.4943925565782725}}, "OddManOut": {"test": {"mean": 49.89399999999999, "std": 0.09666436778875631}}, "CoordinationInversion": {"test": {"mean": 58.220000000000006, "std": 0.5882516468315255}}}}