{"out_path": "result/SR_leakly0_bidi1_probing_act_ReLU/result_sr_probing_ReLU_1p185.json", "model": "esn", "task_type": "probing", "n_folds": 10, "se_batch_size": 8, "gpu": 0, "senteval_path": "./SentEval", "word_emb_file": "./glove.840B.300d.txt", "word_emb_dim": 300, "input_dim": 300, "output_dim": 2048, "max_seq_len": 96, "bidirectional": 1, "init": "none", "activation": "nn.ReLU", "pooling": "max", "zero": 0, "pos_enc": 0, "pos_enc_concat": 0, "random_word_embeddings": 0, "projection": "same", "spectral_radius": 1.1857142857142857, "leaky": 0.0, "concat_inp": 0, "stdv": 0.3, "sparsity": 0.3, "num_layers": 1, "result": {"Length": {"test": {"mean": 69.59, "std": 0.8663024875873286}}, "WordContent": {"test": {"mean": 82.53999999999999, "std": 1.6216164774693156}}, "Depth": {"test": {"mean": 32.757999999999996, "std": 0.8054663245598793}}, "TopConstituents": {"test": {"mean": 70.90399999999998, "std": 0.45018218534277893}}, "BigramShift": {"test": {"mean": 61.775999999999996, "std": 0.5132874438362985}}, "Tense": {"test": {"mean": 85.49600000000001, "std": 0.14813507349713068}}, "SubjNumber": {"test": {"mean": 81.678, "std": 0.34084600628436623}}, "ObjNumber": {"test": {"mean": 77.75, "std": 0.4086563348340491}}, "OddManOut": {"test": {"mean": 49.954, "std": 0.40232325311868333}}, "CoordinationInversion": {"test": {"mean": 60.802, "std": 1.0974953302861947}}}}