{"out_path": "result/SR_leakly0_o1di/result_sr_1p788.json", "model": "esn", "task_type": "downstream", "n_folds": 10, "se_batch_size": 8, "gpu": 0, "senteval_path": "./SentEval", "word_emb_file": "./glove.840B.300d.txt", "word_emb_dim": 300, "input_dim": 300, "output_dim": 2048, "max_seq_len": 96, "bidirectional": 0, "init": "none", "activation": null, "pooling": "mean", "zero": 1, "pos_enc": 0, "pos_enc_concat": 0, "random_word_embeddings": 0, "projection": "same", "spectral_radius": 1.788888888888889, "leaky": 0.0, "concat_inp": 0, "stdv": 0.1, "sparsity": 0.5, "num_layers": 1, "result": {"MR": {"test": {"mean": 55.886, "std": 1.2405901821310699}}, "CR": {"test": {"mean": 55.698, "std": 2.742913779177173}}, "MPQA": {"test": {"mean": 86.91, "std": 0.11575836902790107}}, "SUBJ": {"test": {"mean": 52.80800000000001, "std": 3.814616101261044}}, "SST2": {"test": {"mean": 66.492, "std": 1.2567800125718087}}, "TREC": {"test": {"mean": 83.28, "std": 1.5315351775261348}}, "MRPC": {"test": {"mean": 63.222, "std": 2.264114838076904}}, "SICKRelatedness": {"test": {"mean": 59.17664988735131, "std": 2.026123466534305}}, "SICKEntailment": {"test": {"mean": 66.938, "std": 0.20380382724571053}}, "STSBenchmark": {"test": {"mean": 28.163794701705303, "std": 4.129695713768477}}}}