{"out_path": "result/SR_leakly0_o1di/result_sr_1p155.json", "model": "esn", "task_type": "downstream", "n_folds": 10, "se_batch_size": 8, "gpu": 0, "senteval_path": "./SentEval", "word_emb_file": "./glove.840B.300d.txt", "word_emb_dim": 300, "input_dim": 300, "output_dim": 2048, "max_seq_len": 96, "bidirectional": 0, "init": "none", "activation": null, "pooling": "mean", "zero": 1, "pos_enc": 0, "pos_enc_concat": 0, "random_word_embeddings": 0, "projection": "same", "spectral_radius": 1.1555555555555557, "leaky": 0.0, "concat_inp": 0, "stdv": 0.1, "sparsity": 0.5, "num_layers": 1, "result": {"MR": {"test": {"mean": 76.758, "std": 0.21627759939485253}}, "CR": {"test": {"mean": 78.638, "std": 0.5416050221332877}}, "MPQA": {"test": {"mean": 87.63799999999999, "std": 0.20360746548198771}}, "SUBJ": {"test": {"mean": 91.384, "std": 0.19293522228975843}}, "SST2": {"test": {"mean": 80.572, "std": 0.46079930555503373}}, "TREC": {"test": {"mean": 85.4, "std": 1.0353743284435832}}, "MRPC": {"test": {"mean": 72.362, "std": 0.8910757543553726}}, "SICKRelatedness": {"test": {"mean": 82.03056594542038, "std": 0.08856551940544904}}, "SICKEntailment": {"test": {"mean": 80.378, "std": 0.3521022578740437}}, "STSBenchmark": {"test": {"mean": 60.430529987157755, "std": 0.5041815759957211}}}}