{"out_path": "result/SR_leakly0_o1di/result_sr_1p366.json", "model": "esn", "task_type": "downstream", "n_folds": 10, "se_batch_size": 8, "gpu": 0, "senteval_path": "./SentEval", "word_emb_file": "./glove.840B.300d.txt", "word_emb_dim": 300, "input_dim": 300, "output_dim": 2048, "max_seq_len": 96, "bidirectional": 0, "init": "none", "activation": null, "pooling": "mean", "zero": 1, "pos_enc": 0, "pos_enc_concat": 0, "random_word_embeddings": 0, "projection": "same", "spectral_radius": 1.3666666666666667, "leaky": 0.0, "concat_inp": 0, "stdv": 0.1, "sparsity": 0.5, "num_layers": 1, "result": {"MR": {"test": {"mean": 76.35, "std": 0.5165268628057997}}, "CR": {"test": {"mean": 78.40400000000001, "std": 0.3392108488831118}}, "MPQA": {"test": {"mean": 87.63999999999999, "std": 0.1279062156425573}}, "SUBJ": {"test": {"mean": 91.144, "std": 0.2344013651837377}}, "SST2": {"test": {"mean": 79.902, "std": 0.552499773755613}}, "TREC": {"test": {"mean": 84.76000000000002, "std": 1.2419339757008028}}, "MRPC": {"test": {"mean": 71.074, "std": 0.8813535045598928}}, "SICKRelatedness": {"test": {"mean": 79.13065285344723, "std": 0.40594033564842896}}, "SICKEntailment": {"test": {"mean": 78.46600000000001, "std": 0.43241646592145117}}, "STSBenchmark": {"test": {"mean": 54.40482998895021, "std": 0.6183605405628685}}}}