{"out_path": "result/SR_leakly0_o1di/result_sr_0p311.json", "model": "esn", "task_type": "downstream", "n_folds": 10, "se_batch_size": 8, "gpu": 0, "senteval_path": "./SentEval", "word_emb_file": "./glove.840B.300d.txt", "word_emb_dim": 300, "input_dim": 300, "output_dim": 2048, "max_seq_len": 96, "bidirectional": 0, "init": "none", "activation": null, "pooling": "mean", "zero": 1, "pos_enc": 0, "pos_enc_concat": 0, "random_word_embeddings": 0, "projection": "same", "spectral_radius": 0.3111111111111111, "leaky": 0.0, "concat_inp": 0, "stdv": 0.1, "sparsity": 0.5, "num_layers": 1, "result": {"MR": {"test": {"mean": 76.736, "std": 0.24556872765073678}}, "CR": {"test": {"mean": 78.982, "std": 0.1411949007577796}}, "MPQA": {"test": {"mean": 87.73800000000001, "std": 0.0917387595294393}}, "SUBJ": {"test": {"mean": 91.114, "std": 0.14961283367411865}}, "SST2": {"test": {"mean": 81.134, "std": 0.6960057471027042}}, "TREC": {"test": {"mean": 82.8, "std": 0.9959919678390973}}, "MRPC": {"test": {"mean": 73.196, "std": 0.5660600674840085}}, "SICKRelatedness": {"test": {"mean": 84.10897255621884, "std": 0.22924139542896854}}, "SICKEntailment": {"test": {"mean": 81.542, "std": 0.30129055743583966}}, "STSBenchmark": {"test": {"mean": 64.51184144633893, "std": 0.6766020361879973}}}}