{"out_path": "result/SR_leakly0_o1di/result_sr_0p522.json", "model": "esn", "task_type": "downstream", "n_folds": 10, "se_batch_size": 8, "gpu": 0, "senteval_path": "./SentEval", "word_emb_file": "./glove.840B.300d.txt", "word_emb_dim": 300, "input_dim": 300, "output_dim": 2048, "max_seq_len": 96, "bidirectional": 0, "init": "none", "activation": null, "pooling": "mean", "zero": 1, "pos_enc": 0, "pos_enc_concat": 0, "random_word_embeddings": 0, "projection": "same", "spectral_radius": 0.5222222222222223, "leaky": 0.0, "concat_inp": 0, "stdv": 0.1, "sparsity": 0.5, "num_layers": 1, "result": {"MR": {"test": {"mean": 76.842, "std": 0.14551975810864795}}, "CR": {"test": {"mean": 78.97, "std": 0.26434825514839355}}, "MPQA": {"test": {"mean": 87.75999999999999, "std": 0.09121403400792816}}, "SUBJ": {"test": {"mean": 91.27000000000001, "std": 0.1288409872672521}}, "SST2": {"test": {"mean": 80.736, "std": 0.5891553275665042}}, "TREC": {"test": {"mean": 82.6, "std": 1.2649110640673518}}, "MRPC": {"test": {"mean": 72.42999999999999, "std": 0.4254879551761707}}, "SICKRelatedness": {"test": {"mean": 84.02894986420249, "std": 0.2711660189140031}}, "SICKEntailment": {"test": {"mean": 81.456, "std": 0.6867197390493421}}, "STSBenchmark": {"test": {"mean": 63.832064067417356, "std": 0.9140013599907626}}}}