{"out_path": "result/SR_leakly0_o1di/result_sr_1p577.json", "model": "esn", "task_type": "downstream", "n_folds": 10, "se_batch_size": 8, "gpu": 0, "senteval_path": "./SentEval", "word_emb_file": "./glove.840B.300d.txt", "word_emb_dim": 300, "input_dim": 300, "output_dim": 2048, "max_seq_len": 96, "bidirectional": 0, "init": "none", "activation": null, "pooling": "mean", "zero": 1, "pos_enc": 0, "pos_enc_concat": 0, "random_word_embeddings": 0, "projection": "same", "spectral_radius": 1.577777777777778, "leaky": 0.0, "concat_inp": 0, "stdv": 0.1, "sparsity": 0.5, "num_layers": 1, "result": {"MR": {"test": {"mean": 73.316, "std": 0.9391826233486202}}, "CR": {"test": {"mean": 69.86, "std": 2.718830630988255}}, "MPQA": {"test": {"mean": 87.504, "std": 0.13365627557282642}}, "SUBJ": {"test": {"mean": 87.636, "std": 0.8316874412902975}}, "SST2": {"test": {"mean": 78.1, "std": 0.5764373339748218}}, "TREC": {"test": {"mean": 85.19999999999999, "std": 0.8485281374238557}}, "MRPC": {"test": {"mean": 68.836, "std": 1.2726444908143022}}, "SICKRelatedness": {"test": {"mean": 71.96394521116851, "std": 1.0073113069441029}}, "SICKEntailment": {"test": {"mean": 73.154, "std": 0.1616910634512601}}, "STSBenchmark": {"test": {"mean": 43.84412223084088, "std": 1.436933434143761}}}}