{"out_path": "result/SR_leakly0_o1di/result_sr_2p0.json", "model": "esn", "task_type": "downstream", "n_folds": 10, "se_batch_size": 8, "gpu": 0, "senteval_path": "./SentEval", "word_emb_file": "./glove.840B.300d.txt", "word_emb_dim": 300, "input_dim": 300, "output_dim": 2048, "max_seq_len": 96, "bidirectional": 0, "init": "none", "activation": null, "pooling": "mean", "zero": 1, "pos_enc": 0, "pos_enc_concat": 0, "random_word_embeddings": 0, "projection": "same", "spectral_radius": 2.0, "leaky": 0.0, "concat_inp": 0, "stdv": 0.1, "sparsity": 0.5, "num_layers": 1, "result": {"MR": {"test": {"mean": 50.184000000000005, "std": 0.5369394751738776}}, "CR": {"test": {"mean": 53.864, "std": 2.60004307656623}}, "MPQA": {"test": {"mean": 85.77199999999999, "std": 0.31542986542177726}}, "SUBJ": {"test": {"mean": 51.14, "std": 2.3238760724272716}}, "SST2": {"test": {"mean": 52.17, "std": 1.6049548280247634}}, "TREC": {"test": {"mean": 78.91999999999999, "std": 1.562561998769971}}, "MRPC": {"test": {"mean": 63.45399999999999, "std": 1.4370330545954746}}, "SICKRelatedness": {"test": {"mean": 44.2444679673492, "std": 9.723397188614504}}, "SICKEntailment": {"test": {"mean": 60.246, "std": 0.9110784818005523}}, "STSBenchmark": {"test": {"mean": 13.996742395478634, "std": 6.61226897861409}}}}