{"out_path": "result/SR_leakly0_o1di/result_sr_0p1.json", "model": "esn", "task_type": "downstream", "n_folds": 10, "se_batch_size": 8, "gpu": 0, "senteval_path": "./SentEval", "word_emb_file": "./glove.840B.300d.txt", "word_emb_dim": 300, "input_dim": 300, "output_dim": 2048, "max_seq_len": 96, "bidirectional": 0, "init": "none", "activation": null, "pooling": "mean", "zero": 1, "pos_enc": 0, "pos_enc_concat": 0, "random_word_embeddings": 0, "projection": "same", "spectral_radius": 0.1, "leaky": 0.0, "concat_inp": 0, "stdv": 0.1, "sparsity": 0.5, "num_layers": 1, "result": {"MR": {"test": {"mean": 76.676, "std": 0.12387090053761628}}, "CR": {"test": {"mean": 79.226, "std": 0.4953221174145148}}, "MPQA": {"test": {"mean": 87.572, "std": 0.19722068856993427}}, "SUBJ": {"test": {"mean": 91.08400000000002, "std": 0.19683495624507383}}, "SST2": {"test": {"mean": 80.81199999999998, "std": 0.48180493978372185}}, "TREC": {"test": {"mean": 82.72, "std": 0.8634813257969145}}, "MRPC": {"test": {"mean": 72.764, "std": 0.37818513984555174}}, "SICKRelatedness": {"test": {"mean": 84.09206177214851, "std": 0.16177272324694827}}, "SICKEntailment": {"test": {"mean": 81.736, "std": 0.504563177411907}}, "STSBenchmark": {"test": {"mean": 64.3738792436067, "std": 0.49033579754576406}}}}