{"out_path": "result/SR_leakly0_o1di/result_sr_0p944.json", "model": "esn", "task_type": "downstream", "n_folds": 10, "se_batch_size": 8, "gpu": 0, "senteval_path": "./SentEval", "word_emb_file": "./glove.840B.300d.txt", "word_emb_dim": 300, "input_dim": 300, "output_dim": 2048, "max_seq_len": 96, "bidirectional": 0, "init": "none", "activation": null, "pooling": "mean", "zero": 1, "pos_enc": 0, "pos_enc_concat": 0, "random_word_embeddings": 0, "projection": "same", "spectral_radius": 0.9444444444444444, "leaky": 0.0, "concat_inp": 0, "stdv": 0.1, "sparsity": 0.5, "num_layers": 1, "result": {"MR": {"test": {"mean": 76.98, "std": 0.22297981971469769}}, "CR": {"test": {"mean": 78.83200000000001, "std": 0.5798413576143038}}, "MPQA": {"test": {"mean": 87.72, "std": 0.12853015210447202}}, "SUBJ": {"test": {"mean": 91.38, "std": 0.19473058311421002}}, "SST2": {"test": {"mean": 81.076, "std": 0.4352286755258635}}, "TREC": {"test": {"mean": 83.88, "std": 0.7652450587883579}}, "MRPC": {"test": {"mean": 72.66, "std": 0.4525925319755061}}, "SICKRelatedness": {"test": {"mean": 83.36400025463908, "std": 0.2734989836940863}}, "SICKEntailment": {"test": {"mean": 81.63399999999999, "std": 0.45217695651149686}}, "STSBenchmark": {"test": {"mean": 62.65752580380698, "std": 0.6813582168863399}}}}