{"out_path": "result/SR_leakly0_o1di/result_sr_0p733.json", "model": "esn", "task_type": "downstream", "n_folds": 10, "se_batch_size": 8, "gpu": 0, "senteval_path": "./SentEval", "word_emb_file": "./glove.840B.300d.txt", "word_emb_dim": 300, "input_dim": 300, "output_dim": 2048, "max_seq_len": 96, "bidirectional": 0, "init": "none", "activation": null, "pooling": "mean", "zero": 1, "pos_enc": 0, "pos_enc_concat": 0, "random_word_embeddings": 0, "projection": "same", "spectral_radius": 0.7333333333333333, "leaky": 0.0, "concat_inp": 0, "stdv": 0.1, "sparsity": 0.5, "num_layers": 1, "result": {"MR": {"test": {"mean": 76.69800000000001, "std": 0.2746925554142304}}, "CR": {"test": {"mean": 79.11, "std": 0.5001199856034562}}, "MPQA": {"test": {"mean": 87.76400000000001, "std": 0.11993331480452105}}, "SUBJ": {"test": {"mean": 91.386, "std": 0.11534296684236713}}, "SST2": {"test": {"mean": 81.208, "std": 0.5373788235500141}}, "TREC": {"test": {"mean": 83.0, "std": 1.0658330075579348}}, "MRPC": {"test": {"mean": 72.776, "std": 0.6895969837521038}}, "SICKRelatedness": {"test": {"mean": 83.81689536619862, "std": 0.21648186564634694}}, "SICKEntailment": {"test": {"mean": 81.538, "std": 0.22435685859808036}}, "STSBenchmark": {"test": {"mean": 63.112498603300864, "std": 1.0034484814057174}}}}